<?xml version="1.0" encoding="UTF-8"?>
<actions>
  <action>
    <actionName>run</actionName>
    <goals>
      <goal>spring-boot:run</goal>
    </goals>
  </action>
  <action>
    <actionName>debug</actionName>
    <goals>
      <goal>spring-boot:run</goal>
    </goals>
    <properties>
      <jpda.listen>true</jpda.listen>
    </properties>
  </action>
  <action>
    <actionName>build</actionName>
    <goals>
      <goal>clean</goal>
      <goal>package</goal>
    </goals>
  </action>
</actions>
