/* CATALOGOS DE SEGURIDAD */
INSERT INTO TBL_Persona (id, tipo_identificacion, identificacion, nombres, apellidos, correo, telefono, direccion) VALUES
  (1, 'DPI', '2683464450901', 'Administrador', 'General', 'admin@predio.com', '33494579', 'Chimaltenango');
  
INSERT INTO TBL_Usuario (id, usuario, password, id_persona, activo) VALUES
  (1, 'admin', '$2a$10$ayKRKIX3EJG/Ya8NWJ6Xwu9YfqKWIyo3ZtFiF7Gh9G5z0Oi2h9yK2', 1, true); /*admin123*/
  
INSERT INTO TBL_Usuario_Rol (id_usuario, id_rol) VALUES (1, 1);
  
INSERT INTO TBL_Rol VALUES 
(1, 'VENDEDOR', 'Rol encargado de funciones de vendedor y bodeguero', false),
(2, 'ADMIN', 'Administrador del sistema', true),
(3, 'OFICINA', 'Personal de control y gestión', false),
(4, 'SUPERVISOR', 'Supervisor de oficina', true);

INSERT INTO TBL_Modulo VALUES 
(1, 'Seguridad'),
(2, 'Bitácora'),
(3, 'Inventario'),
(4, 'Compras'),
(5, 'Ventas');

/* CATALOGOS DE PRODUCTOS */
INSERT INTO tbl_tipo_vehiculo VALUES 
(1, 'Motocicleta'),
(2, 'Sedán'),
(3, 'Hatchback'),
(4, 'SUV'),
(5, 'Pick-up'),
(6, 'Camión'),
(7, 'Microbús / Bus'),
(8, 'Motocarro / tuk-tuk'),
(9, 'Trailer / Furgón');

INSERT INTO TBL_Marca (id, nombre) VALUES
(1, 'Honda'),
(2, 'Toyota'),
(3, 'Nissan'),
(4, 'Hyundai'),
(5, 'Suzuki'),
(6, 'Kawasaki'),
(7, 'Chevrolet'),
(8, 'Volkswagen'),
(9, 'Mitsubishi'),
(10, 'Mazda'),
(11, 'Ford'),
(12, 'Isuzu'),
(13, 'Daihatsu'),
(14, 'Yamaha'),
(15, 'TVS'),
(16, 'Bajaj'),
(17, 'Renault'),
(18, 'Mercedes-Benz'),
(19, 'BMW'),
(20, 'Peugeot'),
(21, 'Kia'),
(22, 'Hino'),
(23, 'Fiat'),
(24, 'Jeep'),
(25, 'Great Wall'),
(26, 'BYD'),
(27, 'JAC'),
(28, 'Changan');

INSERT INTO TBL_Linea (id, nombre, id_marca, id_tipo_vehiculo) VALUES
(1, 'Hilux', 2, 5),
(2, 'Corolla', 2, 2),
(3, 'Prado', 2, 4),
(4, 'Hiace', 2, 7),
(5, 'Yaris', 2, 2),
(6, 'Fortuner', 2, 4),
(7, 'Land Cruiser', 2, 4),
(8, 'Tacoma', 2, 5),
(9, 'Avanza', 2, 4),
(10, 'RAV4', 2, 4),
(11, 'CBR600RR', 1, 1),
(12, 'XR250 Tornado', 1, 1),
(13, 'CR-V', 1, 4),
(14, 'Civic', 1, 2),
(15, 'CB190R', 1, 1),
(16, 'Wave 110', 1, 1),
(17, 'CRF250', 1, 1),
(18, 'Frontier', 3, 5),
(19, 'Sentra', 3, 2),
(20, 'X-Trail', 3, 4),
(21, 'NP300', 3, 5),
(22, 'Versa', 3, 2),
(23, 'Altima', 3, 2),
(24, 'Urvan', 3, 7),
(25, 'Accent', 4, 2),
(26, 'Tucson', 4, 4),
(27, 'Elantra', 4, 2),
(28, 'Santa Fe', 4, 4),
(29, 'H100', 4, 6),
(30, 'Grand i10', 4, 3),
(31, 'Creta', 4, 4),
(32, 'Spark', 7, 3),
(33, 'Colorado', 7, 5),
(34, 'Aveo', 7, 2),
(35, 'Sail', 7, 2),
(36, 'Traverse', 7, 4),
(37, 'D-Max', 7, 5),
(38, 'Captiva', 7, 4),
(39, 'FZ16', 14, 1),
(40, 'R1', 14, 1),
(41, 'XMAX', 14, 1),
(42, 'Fazer 250', 14, 1),
(43, 'Crypton', 14, 1),
(44, 'XSR900', 14, 1),
(45, '300 Series', 22, 6),
(46, '500 Series', 22, 6),
(47, 'Dutro', 22, 6),
(48, 'Blue Ribbon', 22, 7),
(49, 'Pulsar 200NS', 16, 1),
(50, 'Boxer 150', 16, 1),
(51, 'RE4S', 16, 8),
(52, 'Jetta', 8, 2),
(53, 'Gol', 8, 3),
(54, 'Amarok', 8, 5),
(55, 'Tiguan', 8, 4),
(56, 'Transporter', 8, 7),
(57, 'Ranger', 11, 5),
(58, 'F-150', 11, 5),
(59, 'Explorer', 11, 4),
(60, 'EcoSport', 11, 4),
(61, 'Focus', 11, 2),
(62, 'Fiesta', 11, 3),
(63, 'Escape', 11, 4),
(64, 'Swift', 5, 2),
(65, 'GSX-R750', 5, 1),
(66, 'Grand Vitara', 5, 4),
(67, 'Alto', 5, 3),
(68, 'Gixxer 150', 5, 1),
(69, 'GN125', 5, 1),
(70, 'Ninja 250', 6, 1),
(71, 'Versys 650', 6, 1),
(72, 'Z400', 6, 1),
(73, 'KLR 650', 6, 1),
(74, 'Vulcan S', 6, 1),
(75, 'Apache RTR 160', 15, 1),
(76, 'Ntorq 125', 15, 1),
(77, 'Victor', 15, 1),
(78, 'FZ-S', 14, 1),
(79, 'XTZ 125', 14, 1),
(80, 'YZF-R3', 14, 1),
(81, 'Discover 125', 16, 1),
(82, 'Dominar 400', 16, 1),
(83, 'D-Max', 12, 5),
(84, 'Elf', 12, 6),
(85, 'F-Series', 12, 6),
(86, '3', 10, 2),
(87, 'BT-50', 10, 5),
(88, 'CX-5', 10, 4),
(89, 'Rio', 21, 2),
(90, 'Sportage', 21, 4),
(91, 'Sorento', 21, 4),
(92, 'Serie 3', 19, 2),
(93, 'X5', 19, 4),
(94, 'Serie 1', 19, 3),
(95, 'Han EV', 26, 2),
(96, 'Yuan Plus', 26, 4),
(97, 'CS15', 28, 4),
(98, 'Eado', 28, 2),
(99, 'T8', 27, 5),
(100, 'Sunray', 27, 7),
(101, 'Wingle 5', 25, 5),
(102, 'Steed 5', 25, 5),
(103, 'Sprinter', 18, 7),
(104, 'C-Class', 18, 2),
(105, 'GLC', 18, 4),
(106, '208', 20, 3),
(107, '2008', 20, 4),
(108, 'Uno', 23, 3),
(109, 'Palio', 23, 3),
(110, 'Strada', 23, 5);

INSERT INTO TBL_Categoria_Repuesto (id, nombre) VALUES
(1, 'Genérico'),
(2, 'Frenos'),
(3, 'Transmisión'),
(4, 'Suspensión'),
(5, 'Eléctrico'),
(6, 'Carrocería'),
(7, 'Escape'),
(8, 'Sistema de Enfriamiento'),
(9, 'Combustible'),
(10, 'Dirección'),
(11, 'Accesorios'),
(12, 'Luces y Señalización'),
(13, 'Llantas y Rines'),
(14, 'Embrague'),
(15, 'Filtro y Lubricantes'),
(16, 'Vidrios y Espejos'),
(17, 'Aire Acondicionado'),
(18, 'Seguridad y Cerraduras'),
(19, 'Tapicería e Interiores'),
(20, 'Herramientas y Equipos'),
(21, 'Motor');

INSERT INTO tbl_bodega VALUES
(1, 'Predio Mijangos Alotenango', 'Km. 86.5 Ruta Nacional 14, San Juan Alotenango, Sacatepéquez', '57094724');

INSERT INTO TBL_Ubicacion (id, nombre, id_bodega) VALUES
(1, 'Sector 1 - Atrás de Tienda', 1),
(2, 'Sector 2 - Frente a Taller', 1),
(3, 'Patio Principal', 1),
(4, 'Sector 3 - Cerca del Portón', 1),
(5, 'Zona de Desmantelamiento', 1),
(6, 'Sector de Vehículos Vendidos', 1),
(7, 'Área de Recepción', 1),
(8, 'Parqueo de Motos', 1),
(9, 'Pasillo 1 - Almacén de Repuestos', 1),
(10, 'Pasillo 2 - Almacén de Repuestos', 1),
(11, 'Pasillo 3 - Almacén de Repuestos', 1),
(12, 'Pasillo 4 - Almacén de Repuestos', 1);
 
 INSERT INTO TBL_Tipo_Precio (id, nombre, obligatorio) VALUES
(1, 'Precio Min', true),
(2, 'Precio Max', false);

 INSERT INTO TBL_Tipo_Pago (id, nombre) VALUES
(1, 'Efectivo'),
(2, 'Tarjeta Crédito / Débito'),
(3, 'Transferencia bancaria');

INSERT INTO TBL_Producto (id, sku, nombre, id_tipo_vehiculo, id_linea, id_categoria, observaciones, activo, existencia_min) VALUES
(1, 'R-SKU-B-0001', 'Arnés de Bus', 7, NULL, 1, '', 1, 0),
(2, 'R-SKU-B-0002', 'Arnés de Cabus del frente', 7, NULL, 1, '', 1, 0),
(3, 'R-SKU-S-0003', 'Baranda carro verde', 2, NULL, 1, '', 1, 0),
(4, 'R-SKU-S-0004', 'Baranda Isuzu', 2, NULL, 1, '', 1, 0),
(5, 'R-SKU-S-0005', 'Bombas Eléctricas', 2, NULL, 1, '', 1, 0),
(6, 'R-SKU-S-0006', 'Bombas Gidráulicas 360', 2, NULL, 1, '', 1, 0),
(7, 'R-SKU-S-0007', 'Caja de Timón Kia', 2, NULL, 3, '', 1, 0),
(8, 'R-SKU-S-0008', 'Carburador 22R', 2, NULL, 9, '', 1, 0),
(9, 'R-SKU-S-0009', 'Carburador Datsun J15', 2, NULL, 9, '', 1, 0),
(10, 'R-SKU-S-0010', 'Conversion Mazda', 2, NULL, 1, '', 1, 0),
(11, 'R-SKU-S-0011', 'Manecilla trasera de mazda protege', 2, NULL, 1, '', 1, 0),
(12, 'R-SKU-S-0012', 'Radiador Nuevo 22R', 2, NULL, 8, '', 1, 0),
(13, 'R-SKU-S-0013', 'Radiador Toyota Tacoma', 2, NULL, 8, '', 1, 0),
(14, 'R-SKU-S-0014', 'Turbo', 2, NULL, 1, '', 1, 0),
(20, 'R-SKU-S-0020', 'Ventanilla Tomas', 2, NULL, 1, 'son de las mas caras, precio fijo', 1, 0),
(21, 'R-SKU-S-0021', 'Ventanilla Blue Bird', 2, NULL, 1, '', 1, 0),
(22, 'R-SKU-S-0022', 'Metro de chasis', 2, NULL, 1, '', 1, 0),
(23, 'R-SKU-S-0023', 'Precio de Aro de metal  con varillas', 2, NULL, 1, '', 1, 0),
(24, 'R-SKU-S-0024', 'Parrilla de 10 filas', 2, NULL, 1, 'en buen estado', 1, 0),
(25, 'R-SKU-C-0025', 'Parrilla de la camioneta azul', 6, NULL, 1, '', 1, 0),
(26, 'R-SKU-S-0026', 'Bumper de chinita', 2, NULL, 1, '', 1, 0),
(27, 'R-SKU-S-0027', 'Bobina de Dodge Ram, cuadrada pequeña', 2, NULL, 5, '', 1, 0),
(28, 'R-SKU-S-0028', 'Bobina de Toyota', 2, NULL, 5, 'Es más grande', 1, 0),
(29, 'R-SKU-M-0029', 'Juego de cargadores para moto pulsar 150', 1, NULL, 1, '', 1, 0),
(30, 'R-SKU-S-0030', 'Tapon de deposito de Hidràulico de Toyota 22R', 2, NULL, 1, '', 1, 0),
(31, 'R-SKU-C-0031', 'Tapon de deposito de Hidràulico de Camion 360 International', 6, NULL, 1, '', 1, 0),
(32, 'R-SKU-P-0032', 'Carburador para pick up toyota 22R', 5, NULL, 9, '', 1, 0),
(33, 'R-SKU-S-0033', 'Eje muerto', 2, NULL, 1, '', 1, 0),
(34, 'R-SKU-S-0034', 'Cremallera de puerta manuales', 2, NULL, 6, '', 1, 0),
(35, 'R-SKU-S-0035', 'Cremallera de puerta electrónica', 2, NULL, 6, '', 1, 0),
(36, 'R-SKU-M-0036', 'Barra de moto', 1, NULL, 1, '', 1, 0),
(37, 'R-SKU-S-0037', 'Tanue de gasolina Isuzu', 2, NULL, 1, '', 1, 0),
(38, 'R-SKU-S-0038', 'Chasises de 4x4', 2, NULL, 1, '', 1, 0),
(39, 'R-SKU-S-0039', 'Chasises sencillos', 2, NULL, 1, '', 1, 0),
(40, 'R-SKU-S-0040', 'Cabina del toyota tacoma', 2, NULL, 1, '', 1, 0),
(41, 'R-SKU-S-0041', 'Palangana de Mazda', 2, NULL, 1, '', 1, 0),
(42, 'R-SKU-M-0042', '1 Barra de moto KTM', 1, NULL, 1, '', 1, 0),
(43, 'R-SKU-M-0043', '1 Barra de moto Púlsar', 1, NULL, 1, '', 1, 0),
(44, 'R-SKU-M-0044', '1 Barra de moto Navi', 1, NULL, 1, '', 1, 0),
(45, 'R-SKU-M-0045', '1 Barra de moto Honda', 1, NULL, 1, '', 1, 0),
(46, 'R-SKU-M-0046', '1 Barra de moto Suzuki', 1, NULL, 1, '', 1, 0),
(47, 'R-SKU-M-0047', 'Tanue de gasolina para moto honda o suzuki', 1, NULL, 1, '', 1, 0),
(48, 'R-SKU-M-0048', 'Tanue de gasolina para moto italika', 1, NULL, 1, '', 1, 0),
(49, 'R-SKU-M-0049', 'Tanue de gasolina para moto KTM', 1, NULL, 1, '', 1, 0),
(50, 'R-SKU-S-0050', 'Resortaje trasero importado', 2, NULL, 1, '', 1, 0),
(51, 'R-SKU-S-0051', 'Resortaje delantero importado de 2 hojas', 2, NULL, 1, '', 1, 0),
(52, 'R-SKU-S-0052', 'Mordazas y cojines', 2, NULL, 1, '2 mordazas 450.00c/u y 2 cojines 100.00 c/u 1,000.00 se le puede dar el combo', 1, 0),
(53, 'R-SKU-S-0053', 'Cremallera de timón Mazda Protege', 2, NULL, 1, '', 1, 0),
(54, 'R-SKU-S-0054', 'Bufa Tracera para Mazda Protege si es para mordaza', 2, NULL, 1, '', 1, 0),
(55, 'R-SKU-S-0055', 'Bufa Tracera para Mazda Protege si es para tambor', 2, NULL, 1, '', 1, 0),
(56, 'R-SKU-M-0056', 'Escape de moto', 1, NULL, 7, '', 1, 0),
(57, 'R-SKU-M-0057', 'Tablero de motocicleta', 1, NULL, 1, '', 1, 0),
(58, 'R-SKU-S-0058', 'Culata de toyota tercel', 2, NULL, 1, '', 1, 0),
(59, 'R-SKU-S-0059', 'Persiana de Mazda B2200', 2, NULL, 1, '', 1, 0),
(60, 'R-SKU-M-0060', 'Motor super ford', 1, NULL, 1, '', 1, 0),
(61, 'R-SKU-S-0061', 'Caja de velocidades de mazda protege, mecánica', 2, NULL, 3, '', 1, 0),
(62, 'R-SKU-M-0062', 'Planta de moto honda', 1, NULL, 1, '', 1, 0),
(63, 'R-SKU-M-0063', 'Motor de moto discovery', 1, NULL, 1, '', 1, 0),
(64, 'R-SKU-M-0064', 'Mordaza de moto italika', 1, NULL, 1, '', 1, 0),
(65, 'R-SKU-S-0065', 'Carita', 2, NULL, 1, '', 1, 0),
(66, 'R-SKU-S-0066', 'Tapiceria de Vollvagen', 2, NULL, 1, '', 1, 0),
(68, 'R-SKU-F-0068', 'Furgon Blanco atrás de Oficina 53pies', 9, NULL, 1, '', 1, 0),
(69, 'R-SKU-S-0069', 'Trompetas marca Hadley importado', 2, NULL, 1, '', 1, 0),
(70, 'R-SKU-S-0070', 'Bombas Super Ford importado', 2, NULL, 1, '', 1, 0),
(71, 'R-SKU-S-0071', 'Compresor Super Ford importado', 2, NULL, 17, '', 1, 0),
(72, 'R-SKU-S-0072', 'Bomba hidráulica de guitarra Inter importado', 2, NULL, 1, '', 1, 0),
(73, 'R-SKU-S-0073', 'Bombas de Guitarrita Super Ford, Mazda, Chevrolet, GMC, 350, 250, 150 importado', 2, NULL, 1, '', 1, 0),
(74, 'R-SKU-S-0074', 'Bomba hidráulica para Ford, Ford 350, Caterpillar, 9 litros', 2, NULL, 1, '', 1, 0),
(75, 'R-SKU-S-0075', 'Alternadores', 2, NULL, 1, '', 1, 0),
(76, 'R-SKU-S-0076', 'Trompeta y compresor importado', 2, NULL, 17, '', 1, 0),
(77, 'R-SKU-M-0077', 'Catalizador de Honda', 1, NULL, 1, '', 1, 0),
(78, 'R-SKU-B-0078', 'Parrilla de bus atrás del predio', 7, NULL, 1, '', 1, 0),
(79, 'R-SKU-S-0079', 'Arbol de Mazda, según muestra', 2, NULL, 1, '', 1, 0),
(80, 'R-SKU-S-0080', 'Varillaje de closh para Camión Inter chinito', 2, NULL, 1, '', 1, 0),
(81, 'R-SKU-B-0081', 'Varillaje de closh para Bus Inter', 7, NULL, 1, '', 1, 0),
(82, 'R-SKU-S-0082', 'RADIADOR DE NISSAN HARDBODY NUEVO ', 2, NULL, 8, '', 1, 2),
(83, 'R-SKU-S-0083', 'RADIADOR DE MAZDA 3 M 10/12 NUEVO', 2, NULL, 8, '', 1, 2),
(84, 'R-SKU-S-0084', 'Tambores Importados', 2, NULL, 1, '', 1, 0),
(85, 'R-SKU-S-0085', 'Cargador Inter Importado', 2, NULL, 1, '', 1, 0),
(86, 'R-SKU-S-0086', 'Eje completo Importado Milimétrico', 2, NULL, 1, '', 1, 0),
(87, 'R-SKU-M-0087', 'Motor 22R básico', 1, NULL, 1, '', 1, 0),
(88, 'R-SKU-S-0088', 'CANDADO DE FORD EXCURSION', 2, NULL, 1, '', 1, 0),
(89, 'R-SKU-S-0089', 'PAR DE CANDADOS PARA FORD EXCURSION', 2, NULL, 1, '', 1, 0);

